{"cameraMode":{"drawMode":0,"name":"Shaded","section":"Shading Mode"},"sceneLighting":true,"audioPlay":false,"sceneViewState":{"m_AlwaysRefresh":false,"showFog":true,"showSkybox":true,"showFlares":true,"showImageEffects":true,"showParticleSystems":true,"showVisualEffectGraphs":true,"m_FxEnabled":true},"in2DMode":false,"pivot":{"x":19.330638885498048,"y":6.7913312911987309,"z":4.257862091064453},"rotation":{"x":0.09136943519115448,"y":0.008067482151091099,"z":-0.000740030431188643,"w":0.9957855939865112},"size":11.000081062316895,"orthographic":false}